YEAR,SSP,CO2,CH4,other WMGs,O3,Aerosol radiation,Aerosol cloud,Other anthropogenic,Land use,Solar,Volcanic aerosols in Strat.
2014,SSP1-19,"1.98 ","0.53 ","0.59 ","0.47 ","-0.25 ","-0.94 ","0.18 ","-0.20 ","0.06 ","0.14 "
2015,SSP1-19,"2.01 ","0.53 ","0.60 ","0.46 ","-0.23 ","-0.89 ","0.19 ","-0.20 ","0.03 ","0.12 "
2016,SSP1-19,"2.06 ","0.54 ","0.60 ","0.45 ","-0.22 ","-0.89 ","0.19 ","-0.20 ","-0.01 ","0.11 "
2017,SSP1-19,"2.10 ","0.54 ","0.60 ","0.44 ","-0.21 ","-0.88 ","0.19 ","-0.20 ","-0.02 ","0.10 "
2018,SSP1-19,"2.14 ","0.55 ","0.61 ","0.44 ","-0.21 ","-0.88 ","0.19 ","-0.20 ","-0.02 ","0.08 "
2019,SSP1-19,"2.18 ","0.55 ","0.61 ","0.43 ","-0.20 ","-0.85 ","0.19 ","-0.20 ","-0.02 ","0.07 "
2020,SSP1-19,"2.22 ","0.55 ","0.61 ","0.42 ","-0.20 ","-0.81 ","0.18 ","-0.20 ","-0.02 ","0.06 "
2021,SSP1-19,"2.25 ","0.55 ","0.61 ","0.41 ","-0.19 ","-0.77 ","0.17 ","-0.20 ","0.02 ","0.04 "
2022,SSP1-19,"2.29 ","0.55 ","0.62 ","0.39 ","-0.19 ","-0.73 ","0.17 ","-0.20 ","0.06 ","0.03 "
2023,SSP1-19,"2.32 ","0.55 ","0.62 ","0.37 ","-0.18 ","-0.69 ","0.16 ","-0.20 ","0.08 ","0.01 "
2024,SSP1-19,"2.36 ","0.55 ","0.62 ","0.36 ","-0.18 ","-0.65 ","0.15 ","-0.20 ","0.09 ","0.00 "
2025,SSP1-19,"2.38 ","0.55 ","0.62 ","0.34 ","-0.18 ","-0.61 ","0.15 ","-0.20 ","0.07 ","0.00 "
2026,SSP1-19,"2.41 ","0.54 ","0.62 ","0.32 ","-0.17 ","-0.57 ","0.14 ","-0.20 ","0.04 ","0.00 "
2027,SSP1-19,"2.43 ","0.54 ","0.61 ","0.30 ","-0.17 ","-0.52 ","0.13 ","-0.20 ","0.02 ","0.00 "
2028,SSP1-19,"2.45 ","0.53 ","0.61 ","0.29 ","-0.17 ","-0.48 ","0.12 ","-0.21 ","0.01 ","0.00 "
2029,SSP1-19,"2.47 ","0.52 ","0.61 ","0.27 ","-0.16 ","-0.43 ","0.12 ","-0.21 ","-0.01 ","0.00 "
2030,SSP1-19,"2.49 ","0.52 ","0.60 ","0.25 ","-0.16 ","-0.39 ","0.11 ","-0.21 ","-0.02 ","0.00 "
2031,SSP1-19,"2.50 ","0.51 ","0.60 ","0.25 ","-0.16 ","-0.38 ","0.11 ","-0.21 ","-0.03 ","0.00 "
2032,SSP1-19,"2.51 ","0.50 ","0.59 ","0.24 ","-0.16 ","-0.36 ","0.10 ","-0.21 ","-0.02 ","0.00 "
2033,SSP1-19,"2.52 ","0.49 ","0.59 ","0.23 ","-0.16 ","-0.35 ","0.10 ","-0.21 ","0.00 ","0.00 "
2034,SSP1-19,"2.53 ","0.48 ","0.58 ","0.23 ","-0.16 ","-0.34 ","0.10 ","-0.21 ","0.04 ","0.00 "
2035,SSP1-19,"2.54 ","0.48 ","0.58 ","0.22 ","-0.16 ","-0.33 ","0.10 ","-0.21 ","0.04 ","0.00 "
2036,SSP1-19,"2.55 ","0.47 ","0.57 ","0.21 ","-0.16 ","-0.32 ","0.09 ","-0.21 ","0.06 ","0.00 "
2037,SSP1-19,"2.56 ","0.46 ","0.57 ","0.21 ","-0.16 ","-0.31 ","0.09 ","-0.21 ","0.04 ","0.00 "
2038,SSP1-19,"2.56 ","0.45 ","0.56 ","0.20 ","-0.16 ","-0.30 ","0.09 ","-0.21 ","0.04 ","0.00 "
2039,SSP1-19,"2.56 ","0.44 ","0.56 ","0.20 ","-0.16 ","-0.29 ","0.09 ","-0.21 ","0.01 ","0.00 "
2040,SSP1-19,"2.56 ","0.44 ","0.55 ","0.19 ","-0.16 ","-0.28 ","0.08 ","-0.21 ","-0.01 ","0.00 "
2041,SSP1-19,"2.56 ","0.43 ","0.55 ","0.19 ","-0.16 ","-0.27 ","0.08 ","-0.21 ","-0.03 ","0.00 "
2042,SSP1-19,"2.56 ","0.42 ","0.54 ","0.18 ","-0.16 ","-0.26 ","0.08 ","-0.21 ","-0.03 ","0.00 "
2043,SSP1-19,"2.56 ","0.41 ","0.54 ","0.18 ","-0.16 ","-0.26 ","0.08 ","-0.21 ","-0.03 ","0.00 "
2044,SSP1-19,"2.56 ","0.41 ","0.54 ","0.17 ","-0.16 ","-0.25 ","0.07 ","-0.21 ","-0.02 ","0.00 "
2045,SSP1-19,"2.56 ","0.40 ","0.53 ","0.16 ","-0.16 ","-0.24 ","0.07 ","-0.21 ","0.02 ","0.00 "
2046,SSP1-19,"2.55 ","0.39 ","0.53 ","0.16 ","-0.16 ","-0.23 ","0.07 ","-0.21 ","0.04 ","0.00 "
2047,SSP1-19,"2.55 ","0.39 ","0.52 ","0.15 ","-0.16 ","-0.22 ","0.07 ","-0.21 ","0.07 ","0.00 "
2048,SSP1-19,"2.54 ","0.38 ","0.52 ","0.15 ","-0.17 ","-0.21 ","0.06 ","-0.21 ","0.07 ","0.00 "
2049,SSP1-19,"2.54 ","0.37 ","0.52 ","0.14 ","-0.17 ","-0.21 ","0.06 ","-0.21 ","0.05 ","0.00 "
2050,SSP1-19,"2.53 ","0.37 ","0.51 ","0.14 ","-0.17 ","-0.20 ","0.06 ","-0.21 ","0.01 ","0.00 "
2051,SSP1-19,"2.52 ","0.36 ","0.51 ","0.14 ","-0.17 ","-0.19 ","0.06 ","-0.21 ","0.00 ","0.00 "
2052,SSP1-19,"2.51 ","0.35 ","0.51 ","0.13 ","-0.17 ","-0.19 ","0.06 ","-0.21 ","-0.02 ","0.00 "
2053,SSP1-19,"2.51 ","0.35 ","0.51 ","0.13 ","-0.17 ","-0.19 ","0.06 ","-0.21 ","-0.03 ","0.00 "
2054,SSP1-19,"2.50 ","0.34 ","0.50 ","0.13 ","-0.17 ","-0.18 ","0.06 ","-0.21 ","-0.02 ","0.00 "
2055,SSP1-19,"2.49 ","0.34 ","0.50 ","0.13 ","-0.17 ","-0.18 ","0.05 ","-0.21 ","0.00 ","0.00 "
2056,SSP1-19,"2.48 ","0.33 ","0.50 ","0.12 ","-0.17 ","-0.18 ","0.05 ","-0.21 ","0.02 ","0.00 "
2057,SSP1-19,"2.47 ","0.33 ","0.49 ","0.12 ","-0.17 ","-0.17 ","0.05 ","-0.21 ","0.02 ","0.00 "
2058,SSP1-19,"2.46 ","0.32 ","0.49 ","0.12 ","-0.17 ","-0.17 ","0.05 ","-0.21 ","0.03 ","0.00 "
2059,SSP1-19,"2.46 ","0.32 ","0.49 ","0.12 ","-0.17 ","-0.17 ","0.05 ","-0.21 ","0.03 ","0.00 "
2060,SSP1-19,"2.45 ","0.31 ","0.49 ","0.12 ","-0.17 ","-0.16 ","0.05 ","-0.21 ","0.01 ","0.00 "
2061,SSP1-19,"2.44 ","0.31 ","0.49 ","0.12 ","-0.17 ","-0.16 ","0.05 ","-0.20 ","-0.01 ","0.00 "
2062,SSP1-19,"2.43 ","0.30 ","0.48 ","0.11 ","-0.17 ","-0.16 ","0.05 ","-0.20 ","-0.02 ","0.00 "
2063,SSP1-19,"2.42 ","0.30 ","0.48 ","0.11 ","-0.17 ","-0.15 ","0.05 ","-0.20 ","-0.03 ","0.00 "
2064,SSP1-19,"2.41 ","0.29 ","0.48 ","0.11 ","-0.17 ","-0.15 ","0.05 ","-0.20 ","-0.03 ","0.00 "
2065,SSP1-19,"2.40 ","0.29 ","0.48 ","0.11 ","-0.17 ","-0.15 ","0.04 ","-0.20 ","-0.03 ","0.00 "
2066,SSP1-19,"2.39 ","0.29 ","0.48 ","0.11 ","-0.17 ","-0.14 ","0.04 ","-0.20 ","0.00 ","0.00 "
2067,SSP1-19,"2.38 ","0.28 ","0.47 ","0.11 ","-0.17 ","-0.14 ","0.04 ","-0.20 ","0.03 ","0.00 "
2068,SSP1-19,"2.37 ","0.28 ","0.47 ","0.11 ","-0.17 ","-0.14 ","0.04 ","-0.20 ","0.04 ","0.00 "
2069,SSP1-19,"2.36 ","0.27 ","0.47 ","0.11 ","-0.16 ","-0.13 ","0.04 ","-0.20 ","0.04 ","0.00 "
2070,SSP1-19,"2.35 ","0.27 ","0.47 ","0.11 ","-0.16 ","-0.13 ","0.04 ","-0.20 ","0.02 ","0.00 "
2071,SSP1-19,"2.34 ","0.27 ","0.47 ","0.10 ","-0.16 ","-0.13 ","0.04 ","-0.20 ","0.00 ","0.00 "
2072,SSP1-19,"2.33 ","0.26 ","0.47 ","0.10 ","-0.16 ","-0.12 ","0.04 ","-0.20 ","-0.01 ","0.00 "
2073,SSP1-19,"2.31 ","0.26 ","0.46 ","0.10 ","-0.16 ","-0.12 ","0.04 ","-0.20 ","-0.02 ","0.00 "
2074,SSP1-19,"2.30 ","0.26 ","0.46 ","0.10 ","-0.16 ","-0.11 ","0.04 ","-0.20 ","-0.03 ","0.00 "
2075,SSP1-19,"2.29 ","0.25 ","0.46 ","0.10 ","-0.16 ","-0.11 ","0.04 ","-0.20 ","-0.04 ","0.00 "
2076,SSP1-19,"2.28 ","0.25 ","0.46 ","0.10 ","-0.16 ","-0.10 ","0.04 ","-0.20 ","-0.04 ","0.00 "
2077,SSP1-19,"2.27 ","0.25 ","0.46 ","0.10 ","-0.16 ","-0.10 ","0.04 ","-0.20 ","-0.04 ","0.00 "
2078,SSP1-19,"2.26 ","0.24 ","0.46 ","0.10 ","-0.16 ","-0.10 ","0.04 ","-0.20 ","-0.02 ","0.00 "
2079,SSP1-19,"2.24 ","0.24 ","0.46 ","0.10 ","-0.15 ","-0.09 ","0.04 ","-0.20 ","0.00 ","0.00 "
2080,SSP1-19,"2.23 ","0.24 ","0.46 ","0.09 ","-0.15 ","-0.09 ","0.04 ","-0.19 ","0.02 ","0.00 "
2081,SSP1-19,"2.22 ","0.23 ","0.45 ","0.09 ","-0.15 ","-0.08 ","0.04 ","-0.19 ","0.02 ","0.00 "
2082,SSP1-19,"2.21 ","0.23 ","0.45 ","0.09 ","-0.15 ","-0.08 ","0.04 ","-0.19 ","0.02 ","0.00 "
2083,SSP1-19,"2.19 ","0.23 ","0.45 ","0.09 ","-0.15 ","-0.08 ","0.04 ","-0.19 ","0.00 ","0.00 "
2084,SSP1-19,"2.18 ","0.22 ","0.45 ","0.09 ","-0.15 ","-0.07 ","0.03 ","-0.19 ","0.00 ","0.00 "
2085,SSP1-19,"2.16 ","0.22 ","0.45 ","0.09 ","-0.15 ","-0.07 ","0.03 ","-0.19 ","-0.03 ","0.00 "
2086,SSP1-19,"2.15 ","0.22 ","0.45 ","0.09 ","-0.15 ","-0.07 ","0.03 ","-0.19 ","-0.04 ","0.00 "
2087,SSP1-19,"2.14 ","0.21 ","0.45 ","0.09 ","-0.15 ","-0.06 ","0.03 ","-0.19 ","-0.04 ","0.00 "
2088,SSP1-19,"2.12 ","0.21 ","0.45 ","0.09 ","-0.14 ","-0.06 ","0.03 ","-0.19 ","-0.04 ","0.00 "
2089,SSP1-19,"2.11 ","0.21 ","0.45 ","0.09 ","-0.14 ","-0.06 ","0.03 ","-0.19 ","-0.02 ","0.00 "
2090,SSP1-19,"2.09 ","0.21 ","0.45 ","0.09 ","-0.14 ","-0.05 ","0.03 ","-0.19 ","0.01 ","0.00 "
2091,SSP1-19,"2.08 ","0.20 ","0.45 ","0.09 ","-0.14 ","-0.05 ","0.03 ","-0.19 ","0.03 ","0.00 "
2092,SSP1-19,"2.06 ","0.20 ","0.44 ","0.09 ","-0.14 ","-0.05 ","0.03 ","-0.19 ","0.05 ","0.00 "
2093,SSP1-19,"2.04 ","0.20 ","0.44 ","0.09 ","-0.14 ","-0.04 ","0.03 ","-0.19 ","0.04 ","0.00 "
2094,SSP1-19,"2.03 ","0.19 ","0.44 ","0.08 ","-0.14 ","-0.04 ","0.03 ","-0.19 ","0.02 ","0.00 "
2095,SSP1-19,"2.01 ","0.19 ","0.44 ","0.08 ","-0.14 ","-0.03 ","0.03 ","-0.19 ","0.00 ","0.00 "
2096,SSP1-19,"2.00 ","0.19 ","0.44 ","0.08 ","-0.13 ","-0.03 ","0.03 ","-0.18 ","-0.02 ","0.00 "
2097,SSP1-19,"1.98 ","0.19 ","0.44 ","0.08 ","-0.13 ","-0.03 ","0.03 ","-0.18 ","-0.03 ","0.00 "
2098,SSP1-19,"1.96 ","0.18 ","0.44 ","0.08 ","-0.13 ","-0.02 ","0.03 ","-0.18 ","-0.03 ","0.00 "
2099,SSP1-19,"1.94 ","0.18 ","0.44 ","0.08 ","-0.13 ","-0.02 ","0.03 ","-0.18 ","-0.02 ","0.00 "
2100,SSP1-19,"1.92 ","0.18 ","0.44 ","0.08 ","-0.13 ","-0.01 ","0.03 ","-0.18 ","0.00 ","0.00 "
2014,SSP1-26,"1.98 ","0.53 ","0.59 ","0.47 ","-0.25 ","-0.94 ","0.18 ","-0.20 ","0.06 ","0.14 "
2015,SSP1-26,"2.01 ","0.53 ","0.60 ","0.46 ","-0.23 ","-0.89 ","0.19 ","-0.20 ","0.03 ","0.12 "
2016,SSP1-26,"2.06 ","0.54 ","0.60 ","0.45 ","-0.22 ","-0.89 ","0.19 ","-0.20 ","-0.01 ","0.11 "
2017,SSP1-26,"2.10 ","0.54 ","0.60 ","0.44 ","-0.21 ","-0.89 ","0.19 ","-0.20 ","-0.02 ","0.10 "
2018,SSP1-26,"2.14 ","0.55 ","0.61 ","0.44 ","-0.21 ","-0.88 ","0.19 ","-0.20 ","-0.02 ","0.08 "
2019,SSP1-26,"2.18 ","0.55 ","0.61 ","0.42 ","-0.20 ","-0.85 ","0.19 ","-0.20 ","-0.02 ","0.07 "
2020,SSP1-26,"2.22 ","0.55 ","0.61 ","0.42 ","-0.20 ","-0.81 ","0.18 ","-0.20 ","-0.02 ","0.06 "
2021,SSP1-26,"2.26 ","0.55 ","0.61 ","0.41 ","-0.20 ","-0.79 ","0.17 ","-0.20 ","0.02 ","0.04 "
2022,SSP1-26,"2.29 ","0.55 ","0.62 ","0.39 ","-0.20 ","-0.76 ","0.17 ","-0.20 ","0.06 ","0.03 "
2023,SSP1-26,"2.33 ","0.55 ","0.62 ","0.38 ","-0.20 ","-0.73 ","0.17 ","-0.20 ","0.08 ","0.01 "
2024,SSP1-26,"2.36 ","0.55 ","0.62 ","0.37 ","-0.20 ","-0.70 ","0.16 ","-0.20 ","0.09 ","0.00 "
2025,SSP1-26,"2.40 ","0.54 ","0.62 ","0.36 ","-0.19 ","-0.67 ","0.16 ","-0.20 ","0.07 ","0.00 "
2026,SSP1-26,"2.43 ","0.54 ","0.62 ","0.35 ","-0.19 ","-0.64 ","0.15 ","-0.20 ","0.04 ","0.00 "
2027,SSP1-26,"2.46 ","0.54 ","0.62 ","0.34 ","-0.19 ","-0.60 ","0.15 ","-0.20 ","0.02 ","0.00 "
2028,SSP1-26,"2.50 ","0.53 ","0.62 ","0.33 ","-0.19 ","-0.57 ","0.14 ","-0.21 ","0.01 ","0.00 "
2029,SSP1-26,"2.53 ","0.53 ","0.62 ","0.31 ","-0.19 ","-0.54 ","0.14 ","-0.21 ","-0.01 ","0.00 "
2030,SSP1-26,"2.56 ","0.52 ","0.62 ","0.30 ","-0.19 ","-0.51 ","0.13 ","-0.21 ","-0.02 ","0.00 "
2031,SSP1-26,"2.58 ","0.52 ","0.61 ","0.30 ","-0.19 ","-0.49 ","0.13 ","-0.21 ","-0.03 ","0.00 "
2032,SSP1-26,"2.61 ","0.51 ","0.61 ","0.29 ","-0.18 ","-0.48 ","0.13 ","-0.21 ","-0.02 ","0.00 "
2033,SSP1-26,"2.64 ","0.51 ","0.61 ","0.29 ","-0.18 ","-0.46 ","0.13 ","-0.21 ","0.00 ","0.00 "
2034,SSP1-26,"2.66 ","0.50 ","0.61 ","0.29 ","-0.18 ","-0.45 ","0.13 ","-0.21 ","0.04 ","0.00 "
2035,SSP1-26,"2.69 ","0.49 ","0.60 ","0.28 ","-0.17 ","-0.43 ","0.13 ","-0.21 ","0.04 ","0.00 "
2036,SSP1-26,"2.71 ","0.49 ","0.60 ","0.28 ","-0.17 ","-0.42 ","0.12 ","-0.21 ","0.06 ","0.00 "
2037,SSP1-26,"2.73 ","0.48 ","0.59 ","0.27 ","-0.17 ","-0.40 ","0.12 ","-0.21 ","0.04 ","0.00 "
2038,SSP1-26,"2.76 ","0.48 ","0.59 ","0.27 ","-0.17 ","-0.39 ","0.12 ","-0.21 ","0.04 ","0.00 "
2039,SSP1-26,"2.78 ","0.47 ","0.58 ","0.26 ","-0.16 ","-0.37 ","0.12 ","-0.21 ","0.01 ","0.00 "
2040,SSP1-26,"2.79 ","0.46 ","0.58 ","0.26 ","-0.16 ","-0.36 ","0.12 ","-0.20 ","-0.01 ","0.00 "
2041,SSP1-26,"2.81 ","0.46 ","0.57 ","0.25 ","-0.16 ","-0.35 ","0.12 ","-0.20 ","-0.03 ","0.00 "
2042,SSP1-26,"2.83 ","0.45 ","0.57 ","0.25 ","-0.16 ","-0.34 ","0.11 ","-0.20 ","-0.03 ","0.00 "
2043,SSP1-26,"2.85 ","0.45 ","0.56 ","0.24 ","-0.16 ","-0.33 ","0.11 ","-0.20 ","-0.03 ","0.00 "
2044,SSP1-26,"2.86 ","0.44 ","0.56 ","0.24 ","-0.16 ","-0.32 ","0.11 ","-0.20 ","-0.02 ","0.00 "
2045,SSP1-26,"2.88 ","0.43 ","0.55 ","0.23 ","-0.15 ","-0.31 ","0.11 ","-0.20 ","0.02 ","0.00 "
2046,SSP1-26,"2.89 ","0.43 ","0.55 ","0.23 ","-0.15 ","-0.30 ","0.11 ","-0.20 ","0.04 ","0.00 "
2047,SSP1-26,"2.90 ","0.42 ","0.54 ","0.22 ","-0.15 ","-0.29 ","0.11 ","-0.20 ","0.07 ","0.00 "
2048,SSP1-26,"2.91 ","0.42 ","0.54 ","0.22 ","-0.15 ","-0.28 ","0.10 ","-0.20 ","0.07 ","0.00 "
2049,SSP1-26,"2.92 ","0.41 ","0.53 ","0.21 ","-0.15 ","-0.27 ","0.10 ","-0.20 ","0.05 ","0.00 "
2050,SSP1-26,"2.93 ","0.41 ","0.53 ","0.21 ","-0.15 ","-0.26 ","0.10 ","-0.20 ","0.01 ","0.00 "
2051,SSP1-26,"2.94 ","0.40 ","0.53 ","0.20 ","-0.15 ","-0.26 ","0.10 ","-0.20 ","0.00 ","0.00 "
2052,SSP1-26,"2.95 ","0.39 ","0.52 ","0.20 ","-0.15 ","-0.25 ","0.10 ","-0.20 ","-0.02 ","0.00 "
2053,SSP1-26,"2.96 ","0.39 ","0.52 ","0.20 ","-0.14 ","-0.24 ","0.10 ","-0.20 ","-0.03 ","0.00 "
2054,SSP1-26,"2.96 ","0.38 ","0.52 ","0.20 ","-0.14 ","-0.24 ","0.10 ","-0.20 ","-0.02 ","0.00 "
2055,SSP1-26,"2.97 ","0.38 ","0.51 ","0.19 ","-0.14 ","-0.23 ","0.10 ","-0.20 ","0.00 ","0.00 "
2056,SSP1-26,"2.97 ","0.37 ","0.51 ","0.19 ","-0.14 ","-0.23 ","0.09 ","-0.20 ","0.02 ","0.00 "
2057,SSP1-26,"2.98 ","0.37 ","0.51 ","0.19 ","-0.14 ","-0.22 ","0.09 ","-0.20 ","0.02 ","0.00 "
2058,SSP1-26,"2.98 ","0.36 ","0.50 ","0.18 ","-0.14 ","-0.21 ","0.09 ","-0.20 ","0.03 ","0.00 "
2059,SSP1-26,"2.98 ","0.36 ","0.50 ","0.18 ","-0.14 ","-0.21 ","0.09 ","-0.20 ","0.03 ","0.00 "
2060,SSP1-26,"2.99 ","0.35 ","0.50 ","0.18 ","-0.13 ","-0.20 ","0.09 ","-0.20 ","0.01 ","0.00 "
2061,SSP1-26,"2.99 ","0.35 ","0.49 ","0.18 ","-0.13 ","-0.20 ","0.09 ","-0.19 ","-0.01 ","0.00 "
2062,SSP1-26,"2.99 ","0.35 ","0.49 ","0.17 ","-0.13 ","-0.19 ","0.09 ","-0.19 ","-0.02 ","0.00 "
2063,SSP1-26,"2.99 ","0.34 ","0.49 ","0.17 ","-0.13 ","-0.19 ","0.09 ","-0.19 ","-0.03 ","0.00 "
2064,SSP1-26,"2.99 ","0.34 ","0.49 ","0.17 ","-0.13 ","-0.19 ","0.09 ","-0.19 ","-0.03 ","0.00 "
2065,SSP1-26,"2.99 ","0.33 ","0.48 ","0.17 ","-0.13 ","-0.18 ","0.09 ","-0.19 ","-0.03 ","0.00 "
2066,SSP1-26,"2.99 ","0.33 ","0.48 ","0.16 ","-0.13 ","-0.18 ","0.08 ","-0.19 ","0.00 ","0.00 "
2067,SSP1-26,"2.99 ","0.32 ","0.48 ","0.16 ","-0.13 ","-0.17 ","0.08 ","-0.19 ","0.03 ","0.00 "
2068,SSP1-26,"2.98 ","0.32 ","0.48 ","0.16 ","-0.13 ","-0.17 ","0.08 ","-0.19 ","0.04 ","0.00 "
2069,SSP1-26,"2.98 ","0.31 ","0.48 ","0.15 ","-0.13 ","-0.16 ","0.08 ","-0.19 ","0.04 ","0.00 "
2070,SSP1-26,"2.98 ","0.31 ","0.47 ","0.15 ","-0.13 ","-0.16 ","0.08 ","-0.19 ","0.02 ","0.00 "
2071,SSP1-26,"2.98 ","0.30 ","0.47 ","0.15 ","-0.13 ","-0.15 ","0.08 ","-0.19 ","0.00 ","0.00 "
2072,SSP1-26,"2.97 ","0.30 ","0.47 ","0.14 ","-0.13 ","-0.15 ","0.08 ","-0.19 ","-0.01 ","0.00 "
2073,SSP1-26,"2.97 ","0.29 ","0.47 ","0.14 ","-0.13 ","-0.14 ","0.08 ","-0.19 ","-0.02 ","0.00 "
2074,SSP1-26,"2.96 ","0.29 ","0.47 ","0.14 ","-0.13 ","-0.14 ","0.08 ","-0.18 ","-0.03 ","0.00 "
2075,SSP1-26,"2.95 ","0.28 ","0.46 ","0.13 ","-0.13 ","-0.13 ","0.08 ","-0.18 ","-0.04 ","0.00 "
2076,SSP1-26,"2.95 ","0.28 ","0.46 ","0.13 ","-0.13 ","-0.13 ","0.07 ","-0.18 ","-0.04 ","0.00 "
2077,SSP1-26,"2.94 ","0.27 ","0.46 ","0.13 ","-0.13 ","-0.12 ","0.07 ","-0.18 ","-0.04 ","0.00 "
2078,SSP1-26,"2.93 ","0.27 ","0.46 ","0.12 ","-0.13 ","-0.12 ","0.07 ","-0.18 ","-0.02 ","0.00 "
2079,SSP1-26,"2.92 ","0.26 ","0.46 ","0.12 ","-0.13 ","-0.11 ","0.07 ","-0.18 ","0.00 ","0.00 "
2080,SSP1-26,"2.91 ","0.26 ","0.46 ","0.12 ","-0.13 ","-0.10 ","0.07 ","-0.18 ","0.02 ","0.00 "
2081,SSP1-26,"2.90 ","0.25 ","0.46 ","0.11 ","-0.13 ","-0.10 ","0.07 ","-0.18 ","0.02 ","0.00 "
2082,SSP1-26,"2.89 ","0.25 ","0.46 ","0.11 ","-0.13 ","-0.09 ","0.07 ","-0.18 ","0.02 ","0.00 "
2083,SSP1-26,"2.87 ","0.25 ","0.45 ","0.11 ","-0.13 ","-0.09 ","0.07 ","-0.18 ","0.00 ","0.00 "
2084,SSP1-26,"2.86 ","0.24 ","0.45 ","0.11 ","-0.13 ","-0.08 ","0.06 ","-0.18 ","0.00 ","0.00 "
2085,SSP1-26,"2.85 ","0.24 ","0.45 ","0.11 ","-0.13 ","-0.08 ","0.06 ","-0.18 ","-0.03 ","0.00 "
2086,SSP1-26,"2.84 ","0.23 ","0.45 ","0.10 ","-0.13 ","-0.08 ","0.06 ","-0.18 ","-0.04 ","0.00 "
2087,SSP1-26,"2.82 ","0.23 ","0.45 ","0.10 ","-0.13 ","-0.07 ","0.06 ","-0.18 ","-0.04 ","0.00 "
2088,SSP1-26,"2.81 ","0.22 ","0.45 ","0.10 ","-0.13 ","-0.07 ","0.06 ","-0.18 ","-0.04 ","0.00 "
2089,SSP1-26,"2.79 ","0.22 ","0.45 ","0.10 ","-0.13 ","-0.06 ","0.06 ","-0.17 ","-0.02 ","0.00 "
2090,SSP1-26,"2.78 ","0.22 ","0.45 ","0.10 ","-0.13 ","-0.06 ","0.06 ","-0.17 ","0.01 ","0.00 "
2091,SSP1-26,"2.76 ","0.21 ","0.45 ","0.09 ","-0.12 ","-0.05 ","0.06 ","-0.17 ","0.03 ","0.00 "
2092,SSP1-26,"2.75 ","0.21 ","0.45 ","0.09 ","-0.12 ","-0.05 ","0.06 ","-0.17 ","0.05 ","0.00 "
2093,SSP1-26,"2.73 ","0.21 ","0.44 ","0.09 ","-0.12 ","-0.04 ","0.06 ","-0.17 ","0.04 ","0.00 "
2094,SSP1-26,"2.72 ","0.20 ","0.44 ","0.09 ","-0.12 ","-0.04 ","0.06 ","-0.17 ","0.02 ","0.00 "
2095,SSP1-26,"2.70 ","0.20 ","0.44 ","0.09 ","-0.12 ","-0.03 ","0.05 ","-0.17 ","0.00 ","0.00 "
2096,SSP1-26,"2.69 ","0.20 ","0.44 ","0.09 ","-0.12 ","-0.03 ","0.05 ","-0.17 ","-0.02 ","0.00 "
2097,SSP1-26,"2.67 ","0.20 ","0.44 ","0.09 ","-0.12 ","-0.02 ","0.05 ","-0.17 ","-0.03 ","0.00 "
2098,SSP1-26,"2.66 ","0.19 ","0.44 ","0.08 ","-0.12 ","-0.02 ","0.05 ","-0.17 ","-0.03 ","0.00 "
2099,SSP1-26,"2.65 ","0.19 ","0.44 ","0.08 ","-0.12 ","-0.01 ","0.05 ","-0.17 ","-0.02 ","0.00 "
2100,SSP1-26,"2.63 ","0.19 ","0.44 ","0.08 ","-0.12 ","-0.01 ","0.05 ","-0.17 ","0.00 ","0.00 "
2014,SSP2-45,"1.98 ","0.53 ","0.59 ","0.47 ","-0.25 ","-0.94 ","0.18 ","-0.20 ","0.06 ","0.14 "
2015,SSP2-45,"2.01 ","0.53 ","0.60 ","0.46 ","-0.23 ","-0.89 ","0.19 ","-0.20 ","0.03 ","0.12 "
2016,SSP2-45,"2.06 ","0.54 ","0.60 ","0.45 ","-0.22 ","-0.89 ","0.19 ","-0.20 ","-0.01 ","0.11 "
2017,SSP2-45,"2.10 ","0.54 ","0.60 ","0.44 ","-0.21 ","-0.89 ","0.20 ","-0.20 ","-0.02 ","0.10 "
2018,SSP2-45,"2.14 ","0.55 ","0.61 ","0.45 ","-0.20 ","-0.90 ","0.20 ","-0.20 ","-0.02 ","0.08 "
2019,SSP2-45,"2.18 ","0.56 ","0.61 ","0.45 ","-0.19 ","-0.89 ","0.20 ","-0.20 ","-0.02 ","0.07 "
2020,SSP2-45,"2.22 ","0.56 ","0.61 ","0.45 ","-0.18 ","-0.88 ","0.20 ","-0.20 ","-0.02 ","0.06 "
2021,SSP2-45,"2.26 ","0.56 ","0.62 ","0.45 ","-0.18 ","-0.87 ","0.20 ","-0.20 ","0.02 ","0.04 "
2022,SSP2-45,"2.30 ","0.57 ","0.62 ","0.46 ","-0.18 ","-0.87 ","0.21 ","-0.20 ","0.06 ","0.03 "
2023,SSP2-45,"2.34 ","0.57 ","0.62 ","0.46 ","-0.19 ","-0.87 ","0.21 ","-0.20 ","0.08 ","0.01 "
2024,SSP2-45,"2.38 ","0.58 ","0.62 ","0.46 ","-0.19 ","-0.86 ","0.21 ","-0.20 ","0.09 ","0.00 "
2025,SSP2-45,"2.42 ","0.58 ","0.63 ","0.46 ","-0.20 ","-0.86 ","0.21 ","-0.21 ","0.07 ","0.00 "
2026,SSP2-45,"2.46 ","0.58 ","0.63 ","0.46 ","-0.20 ","-0.86 ","0.21 ","-0.21 ","0.04 ","0.00 "
2027,SSP2-45,"2.50 ","0.58 ","0.63 ","0.46 ","-0.20 ","-0.85 ","0.21 ","-0.21 ","0.02 ","0.00 "
2028,SSP2-45,"2.54 ","0.59 ","0.63 ","0.46 ","-0.21 ","-0.85 ","0.21 ","-0.21 ","0.01 ","0.00 "
2029,SSP2-45,"2.58 ","0.59 ","0.63 ","0.46 ","-0.21 ","-0.85 ","0.21 ","-0.21 ","-0.01 ","0.00 "
2030,SSP2-45,"2.62 ","0.59 ","0.63 ","0.47 ","-0.21 ","-0.84 ","0.21 ","-0.21 ","-0.02 ","0.00 "
2031,SSP2-45,"2.65 ","0.60 ","0.63 ","0.47 ","-0.21 ","-0.83 ","0.21 ","-0.21 ","-0.03 ","0.00 "
2032,SSP2-45,"2.69 ","0.60 ","0.63 ","0.46 ","-0.21 ","-0.82 ","0.21 ","-0.21 ","-0.02 ","0.00 "
2033,SSP2-45,"2.73 ","0.60 ","0.63 ","0.46 ","-0.21 ","-0.81 ","0.21 ","-0.21 ","0.00 ","0.00 "
2034,SSP2-45,"2.77 ","0.60 ","0.63 ","0.46 ","-0.21 ","-0.80 ","0.22 ","-0.21 ","0.04 ","0.00 "
2035,SSP2-45,"2.81 ","0.60 ","0.63 ","0.46 ","-0.21 ","-0.79 ","0.22 ","-0.21 ","0.04 ","0.00 "
2036,SSP2-45,"2.85 ","0.61 ","0.63 ","0.46 ","-0.21 ","-0.78 ","0.22 ","-0.21 ","0.06 ","0.00 "
2037,SSP2-45,"2.89 ","0.61 ","0.63 ","0.46 ","-0.20 ","-0.77 ","0.22 ","-0.21 ","0.04 ","0.00 "
2038,SSP2-45,"2.93 ","0.61 ","0.63 ","0.46 ","-0.20 ","-0.76 ","0.22 ","-0.22 ","0.04 ","0.00 "
2039,SSP2-45,"2.97 ","0.61 ","0.63 ","0.45 ","-0.20 ","-0.75 ","0.22 ","-0.22 ","0.01 ","0.00 "
2040,SSP2-45,"3.01 ","0.61 ","0.63 ","0.45 ","-0.20 ","-0.74 ","0.22 ","-0.22 ","-0.01 ","0.00 "
2041,SSP2-45,"3.04 ","0.61 ","0.63 ","0.45 ","-0.20 ","-0.72 ","0.22 ","-0.22 ","-0.03 ","0.00 "
2042,SSP2-45,"3.08 ","0.61 ","0.63 ","0.45 ","-0.20 ","-0.71 ","0.22 ","-0.22 ","-0.03 ","0.00 "
2043,SSP2-45,"3.12 ","0.61 ","0.63 ","0.45 ","-0.20 ","-0.70 ","0.22 ","-0.22 ","-0.03 ","0.00 "
2044,SSP2-45,"3.16 ","0.61 ","0.63 ","0.44 ","-0.19 ","-0.69 ","0.21 ","-0.22 ","-0.02 ","0.00 "
2045,SSP2-45,"3.20 ","0.61 ","0.63 ","0.44 ","-0.19 ","-0.67 ","0.21 ","-0.22 ","0.02 ","0.00 "
2046,SSP2-45,"3.23 ","0.61 ","0.63 ","0.44 ","-0.19 ","-0.66 ","0.21 ","-0.22 ","0.04 ","0.00 "
2047,SSP2-45,"3.27 ","0.60 ","0.63 ","0.44 ","-0.19 ","-0.65 ","0.21 ","-0.22 ","0.07 ","0.00 "
2048,SSP2-45,"3.31 ","0.60 ","0.63 ","0.43 ","-0.19 ","-0.63 ","0.21 ","-0.22 ","0.07 ","0.00 "
2049,SSP2-45,"3.34 ","0.60 ","0.63 ","0.43 ","-0.19 ","-0.62 ","0.21 ","-0.22 ","0.05 ","0.00 "
2050,SSP2-45,"3.38 ","0.60 ","0.62 ","0.43 ","-0.18 ","-0.61 ","0.21 ","-0.22 ","0.01 ","0.00 "
2051,SSP2-45,"3.42 ","0.60 ","0.62 ","0.42 ","-0.18 ","-0.60 ","0.21 ","-0.22 ","0.00 ","0.00 "
2052,SSP2-45,"3.45 ","0.59 ","0.62 ","0.42 ","-0.18 ","-0.59 ","0.21 ","-0.22 ","-0.02 ","0.00 "
2053,SSP2-45,"3.49 ","0.59 ","0.62 ","0.42 ","-0.18 ","-0.58 ","0.21 ","-0.22 ","-0.03 ","0.00 "
2054,SSP2-45,"3.52 ","0.59 ","0.62 ","0.41 ","-0.18 ","-0.57 ","0.21 ","-0.22 ","-0.02 ","0.00 "
2055,SSP2-45,"3.56 ","0.59 ","0.62 ","0.41 ","-0.18 ","-0.56 ","0.21 ","-0.22 ","0.00 ","0.00 "
2056,SSP2-45,"3.59 ","0.58 ","0.62 ","0.40 ","-0.18 ","-0.55 ","0.21 ","-0.22 ","0.02 ","0.00 "
2057,SSP2-45,"3.62 ","0.58 ","0.62 ","0.40 ","-0.18 ","-0.54 ","0.21 ","-0.22 ","0.02 ","0.00 "
2058,SSP2-45,"3.66 ","0.58 ","0.62 ","0.40 ","-0.18 ","-0.53 ","0.21 ","-0.22 ","0.03 ","0.00 "
2059,SSP2-45,"3.69 ","0.57 ","0.62 ","0.39 ","-0.18 ","-0.52 ","0.20 ","-0.22 ","0.03 ","0.00 "
2060,SSP2-45,"3.72 ","0.57 ","0.62 ","0.39 ","-0.18 ","-0.51 ","0.20 ","-0.22 ","0.01 ","0.00 "
2061,SSP2-45,"3.75 ","0.57 ","0.62 ","0.38 ","-0.18 ","-0.51 ","0.20 ","-0.22 ","-0.01 ","0.00 "
2062,SSP2-45,"3.78 ","0.56 ","0.62 ","0.38 ","-0.18 ","-0.50 ","0.20 ","-0.22 ","-0.02 ","0.00 "
2063,SSP2-45,"3.81 ","0.56 ","0.62 ","0.38 ","-0.18 ","-0.49 ","0.21 ","-0.22 ","-0.03 ","0.00 "
2064,SSP2-45,"3.84 ","0.56 ","0.62 ","0.37 ","-0.18 ","-0.48 ","0.21 ","-0.22 ","-0.03 ","0.00 "
2065,SSP2-45,"3.87 ","0.55 ","0.62 ","0.37 ","-0.18 ","-0.47 ","0.21 ","-0.22 ","-0.03 ","0.00 "
2066,SSP2-45,"3.90 ","0.55 ","0.62 ","0.36 ","-0.18 ","-0.46 ","0.21 ","-0.22 ","0.00 ","0.00 "
2067,SSP2-45,"3.93 ","0.55 ","0.62 ","0.36 ","-0.18 ","-0.46 ","0.21 ","-0.22 ","0.03 ","0.00 "
2068,SSP2-45,"3.95 ","0.54 ","0.62 ","0.35 ","-0.18 ","-0.45 ","0.21 ","-0.21 ","0.04 ","0.00 "
2069,SSP2-45,"3.98 ","0.54 ","0.62 ","0.35 ","-0.18 ","-0.44 ","0.21 ","-0.21 ","0.04 ","0.00 "
2070,SSP2-45,"4.01 ","0.54 ","0.62 ","0.35 ","-0.19 ","-0.43 ","0.21 ","-0.21 ","0.02 ","0.00 "
2071,SSP2-45,"4.03 ","0.53 ","0.62 ","0.34 ","-0.19 ","-0.42 ","0.21 ","-0.21 ","0.00 ","0.00 "
2072,SSP2-45,"4.06 ","0.53 ","0.62 ","0.34 ","-0.19 ","-0.41 ","0.21 ","-0.21 ","-0.01 ","0.00 "
2073,SSP2-45,"4.08 ","0.53 ","0.62 ","0.34 ","-0.19 ","-0.41 ","0.21 ","-0.21 ","-0.02 ","0.00 "
2074,SSP2-45,"4.11 ","0.53 ","0.62 ","0.33 ","-0.19 ","-0.40 ","0.21 ","-0.21 ","-0.03 ","0.00 "
2075,SSP2-45,"4.13 ","0.52 ","0.62 ","0.33 ","-0.19 ","-0.39 ","0.21 ","-0.21 ","-0.04 ","0.00 "
2076,SSP2-45,"4.15 ","0.52 ","0.62 ","0.33 ","-0.19 ","-0.38 ","0.21 ","-0.21 ","-0.04 ","0.00 "
2077,SSP2-45,"4.17 ","0.52 ","0.62 ","0.32 ","-0.19 ","-0.37 ","0.21 ","-0.21 ","-0.04 ","0.00 "
2078,SSP2-45,"4.19 ","0.51 ","0.62 ","0.32 ","-0.19 ","-0.36 ","0.22 ","-0.21 ","-0.02 ","0.00 "
2079,SSP2-45,"4.21 ","0.51 ","0.62 ","0.32 ","-0.19 ","-0.35 ","0.22 ","-0.21 ","0.00 ","0.00 "
2080,SSP2-45,"4.23 ","0.51 ","0.62 ","0.31 ","-0.19 ","-0.34 ","0.22 ","-0.20 ","0.02 ","0.00 "
2081,SSP2-45,"4.24 ","0.51 ","0.62 ","0.31 ","-0.19 ","-0.34 ","0.22 ","-0.20 ","0.02 ","0.00 "
2082,SSP2-45,"4.26 ","0.50 ","0.62 ","0.30 ","-0.19 ","-0.33 ","0.22 ","-0.20 ","0.02 ","0.00 "
2083,SSP2-45,"4.27 ","0.50 ","0.62 ","0.30 ","-0.19 ","-0.32 ","0.22 ","-0.20 ","0.00 ","0.00 "
2084,SSP2-45,"4.29 ","0.50 ","0.62 ","0.30 ","-0.19 ","-0.31 ","0.22 ","-0.20 ","0.00 ","0.00 "
2085,SSP2-45,"4.30 ","0.50 ","0.62 ","0.29 ","-0.19 ","-0.30 ","0.22 ","-0.20 ","-0.03 ","0.00 "
2086,SSP2-45,"4.31 ","0.49 ","0.62 ","0.29 ","-0.19 ","-0.29 ","0.22 ","-0.20 ","-0.04 ","0.00 "
2087,SSP2-45,"4.33 ","0.49 ","0.62 ","0.29 ","-0.19 ","-0.28 ","0.22 ","-0.20 ","-0.04 ","0.00 "
2088,SSP2-45,"4.34 ","0.49 ","0.62 ","0.28 ","-0.19 ","-0.27 ","0.22 ","-0.20 ","-0.04 ","0.00 "
2089,SSP2-45,"4.35 ","0.49 ","0.62 ","0.28 ","-0.19 ","-0.26 ","0.22 ","-0.19 ","-0.02 ","0.00 "
2090,SSP2-45,"4.35 ","0.49 ","0.62 ","0.28 ","-0.19 ","-0.25 ","0.22 ","-0.19 ","0.01 ","0.00 "
2091,SSP2-45,"4.36 ","0.48 ","0.62 ","0.27 ","-0.19 ","-0.25 ","0.22 ","-0.19 ","0.03 ","0.00 "
2092,SSP2-45,"4.37 ","0.48 ","0.62 ","0.27 ","-0.19 ","-0.24 ","0.22 ","-0.19 ","0.05 ","0.00 "
2093,SSP2-45,"4.37 ","0.48 ","0.62 ","0.27 ","-0.19 ","-0.24 ","0.22 ","-0.19 ","0.04 ","0.00 "
2094,SSP2-45,"4.38 ","0.48 ","0.62 ","0.27 ","-0.19 ","-0.23 ","0.22 ","-0.19 ","0.02 ","0.00 "
2095,SSP2-45,"4.39 ","0.48 ","0.62 ","0.26 ","-0.19 ","-0.23 ","0.23 ","-0.19 ","0.00 ","0.00 "
2096,SSP2-45,"4.39 ","0.48 ","0.62 ","0.26 ","-0.19 ","-0.22 ","0.23 ","-0.19 ","-0.02 ","0.00 "
2097,SSP2-45,"4.39 ","0.48 ","0.62 ","0.26 ","-0.19 ","-0.22 ","0.23 ","-0.18 ","-0.03 ","0.00 "
2098,SSP2-45,"4.40 ","0.47 ","0.62 ","0.26 ","-0.19 ","-0.21 ","0.23 ","-0.18 ","-0.03 ","0.00 "
2099,SSP2-45,"4.40 ","0.47 ","0.62 ","0.26 ","-0.19 ","-0.21 ","0.23 ","-0.18 ","-0.02 ","0.00 "
2100,SSP2-45,"4.40 ","0.47 ","0.61 ","0.25 ","-0.19 ","-0.21 ","0.23 ","-0.18 ","0.00 ","0.00 "
2014,SSP3-70,"1.98 ","0.53 ","0.59 ","0.47 ","-0.25 ","-0.94 ","0.18 ","-0.20 ","0.06 ","0.14 "
2015,SSP3-70,"2.01 ","0.53 ","0.60 ","0.46 ","-0.23 ","-0.89 ","0.19 ","-0.20 ","0.03 ","0.12 "
2016,SSP3-70,"2.06 ","0.54 ","0.60 ","0.45 ","-0.22 ","-0.90 ","0.19 ","-0.20 ","-0.01 ","0.11 "
2017,SSP3-70,"2.10 ","0.54 ","0.60 ","0.45 ","-0.21 ","-0.92 ","0.20 ","-0.20 ","-0.02 ","0.10 "
2018,SSP3-70,"2.14 ","0.55 ","0.61 ","0.46 ","-0.21 ","-0.95 ","0.21 ","-0.20 ","-0.02 ","0.08 "
2019,SSP3-70,"2.19 ","0.56 ","0.61 ","0.48 ","-0.20 ","-0.98 ","0.21 ","-0.20 ","-0.02 ","0.07 "
2020,SSP3-70,"2.23 ","0.56 ","0.61 ","0.51 ","-0.19 ","-1.02 ","0.22 ","-0.20 ","-0.02 ","0.06 "
2021,SSP3-70,"2.27 ","0.57 ","0.61 ","0.51 ","-0.19 ","-1.02 ","0.23 ","-0.20 ","0.02 ","0.04 "
2022,SSP3-70,"2.32 ","0.58 ","0.62 ","0.52 ","-0.19 ","-1.02 ","0.23 ","-0.20 ","0.06 ","0.03 "
2023,SSP3-70,"2.37 ","0.58 ","0.62 ","0.52 ","-0.19 ","-1.03 ","0.23 ","-0.20 ","0.08 ","0.01 "
2024,SSP3-70,"2.41 ","0.59 ","0.62 ","0.53 ","-0.19 ","-1.03 ","0.23 ","-0.21 ","0.09 ","0.00 "
2025,SSP3-70,"2.46 ","0.60 ","0.62 ","0.53 ","-0.19 ","-1.03 ","0.24 ","-0.21 ","0.07 ","0.00 "
2026,SSP3-70,"2.51 ","0.60 ","0.62 ","0.54 ","-0.19 ","-1.03 ","0.24 ","-0.21 ","0.04 ","0.00 "
2027,SSP3-70,"2.56 ","0.61 ","0.63 ","0.55 ","-0.19 ","-1.04 ","0.24 ","-0.21 ","0.02 ","0.00 "
2028,SSP3-70,"2.61 ","0.61 ","0.63 ","0.55 ","-0.19 ","-1.04 ","0.24 ","-0.21 ","0.01 ","0.00 "
2029,SSP3-70,"2.66 ","0.62 ","0.63 ","0.56 ","-0.19 ","-1.04 ","0.25 ","-0.21 ","-0.01 ","0.00 "
2030,SSP3-70,"2.71 ","0.63 ","0.63 ","0.57 ","-0.19 ","-1.04 ","0.25 ","-0.21 ","-0.02 ","0.00 "
2031,SSP3-70,"2.76 ","0.63 ","0.63 ","0.57 ","-0.19 ","-1.04 ","0.25 ","-0.21 ","-0.03 ","0.00 "
2032,SSP3-70,"2.81 ","0.64 ","0.63 ","0.58 ","-0.19 ","-1.05 ","0.25 ","-0.21 ","-0.02 ","0.00 "
2033,SSP3-70,"2.86 ","0.65 ","0.63 ","0.58 ","-0.19 ","-1.05 ","0.26 ","-0.22 ","0.00 ","0.00 "
2034,SSP3-70,"2.91 ","0.65 ","0.63 ","0.59 ","-0.19 ","-1.05 ","0.26 ","-0.22 ","0.04 ","0.00 "
2035,SSP3-70,"2.96 ","0.66 ","0.63 ","0.59 ","-0.19 ","-1.05 ","0.26 ","-0.22 ","0.04 ","0.00 "
2036,SSP3-70,"3.01 ","0.67 ","0.63 ","0.60 ","-0.19 ","-1.05 ","0.26 ","-0.22 ","0.06 ","0.00 "
2037,SSP3-70,"3.06 ","0.67 ","0.63 ","0.60 ","-0.19 ","-1.05 ","0.26 ","-0.22 ","0.04 ","0.00 "
2038,SSP3-70,"3.12 ","0.68 ","0.63 ","0.61 ","-0.19 ","-1.05 ","0.27 ","-0.22 ","0.04 ","0.00 "
2039,SSP3-70,"3.17 ","0.69 ","0.63 ","0.61 ","-0.19 ","-1.06 ","0.27 ","-0.22 ","0.01 ","0.00 "
2040,SSP3-70,"3.22 ","0.69 ","0.64 ","0.62 ","-0.19 ","-1.06 ","0.27 ","-0.22 ","-0.01 ","0.00 "
2041,SSP3-70,"3.27 ","0.70 ","0.64 ","0.62 ","-0.19 ","-1.06 ","0.27 ","-0.22 ","-0.03 ","0.00 "
2042,SSP3-70,"3.33 ","0.70 ","0.64 ","0.63 ","-0.19 ","-1.06 ","0.27 ","-0.22 ","-0.03 ","0.00 "
2043,SSP3-70,"3.38 ","0.71 ","0.64 ","0.63 ","-0.19 ","-1.06 ","0.27 ","-0.22 ","-0.03 ","0.00 "
2044,SSP3-70,"3.43 ","0.72 ","0.64 ","0.64 ","-0.19 ","-1.06 ","0.28 ","-0.23 ","-0.02 ","0.00 "
2045,SSP3-70,"3.49 ","0.72 ","0.64 ","0.64 ","-0.19 ","-1.06 ","0.28 ","-0.23 ","0.02 ","0.00 "
2046,SSP3-70,"3.54 ","0.73 ","0.64 ","0.65 ","-0.20 ","-1.06 ","0.28 ","-0.23 ","0.04 ","0.00 "
2047,SSP3-70,"3.59 ","0.73 ","0.64 ","0.65 ","-0.20 ","-1.06 ","0.28 ","-0.23 ","0.07 ","0.00 "
2048,SSP3-70,"3.65 ","0.74 ","0.65 ","0.65 ","-0.20 ","-1.06 ","0.28 ","-0.23 ","0.07 ","0.00 "
2049,SSP3-70,"3.70 ","0.74 ","0.65 ","0.66 ","-0.20 ","-1.06 ","0.28 ","-0.23 ","0.05 ","0.00 "
2050,SSP3-70,"3.76 ","0.75 ","0.65 ","0.66 ","-0.20 ","-1.06 ","0.28 ","-0.23 ","0.01 ","0.00 "
2051,SSP3-70,"3.81 ","0.76 ","0.65 ","0.67 ","-0.20 ","-1.05 ","0.28 ","-0.23 ","0.00 ","0.00 "
2052,SSP3-70,"3.87 ","0.76 ","0.65 ","0.67 ","-0.20 ","-1.05 ","0.28 ","-0.23 ","-0.02 ","0.00 "
2053,SSP3-70,"3.92 ","0.77 ","0.66 ","0.67 ","-0.20 ","-1.05 ","0.28 ","-0.23 ","-0.03 ","0.00 "
2054,SSP3-70,"3.98 ","0.77 ","0.66 ","0.67 ","-0.20 ","-1.04 ","0.28 ","-0.23 ","-0.02 ","0.00 "
2055,SSP3-70,"4.03 ","0.78 ","0.66 ","0.68 ","-0.20 ","-1.04 ","0.28 ","-0.23 ","0.00 ","0.00 "
2056,SSP3-70,"4.09 ","0.78 ","0.66 ","0.68 ","-0.20 ","-1.04 ","0.28 ","-0.24 ","0.02 ","0.00 "
2057,SSP3-70,"4.14 ","0.79 ","0.67 ","0.68 ","-0.20 ","-1.03 ","0.29 ","-0.24 ","0.02 ","0.00 "
2058,SSP3-70,"4.20 ","0.79 ","0.67 ","0.68 ","-0.20 ","-1.03 ","0.29 ","-0.24 ","0.03 ","0.00 "
2059,SSP3-70,"4.25 ","0.80 ","0.67 ","0.68 ","-0.20 ","-1.03 ","0.29 ","-0.24 ","0.03 ","0.00 "
2060,SSP3-70,"4.31 ","0.80 ","0.67 ","0.69 ","-0.20 ","-1.03 ","0.29 ","-0.24 ","0.01 ","0.00 "
2061,SSP3-70,"4.36 ","0.81 ","0.68 ","0.69 ","-0.20 ","-1.02 ","0.29 ","-0.24 ","-0.01 ","0.00 "
2062,SSP3-70,"4.42 ","0.82 ","0.68 ","0.69 ","-0.20 ","-1.02 ","0.29 ","-0.24 ","-0.02 ","0.00 "
2063,SSP3-70,"4.48 ","0.82 ","0.68 ","0.69 ","-0.20 ","-1.01 ","0.29 ","-0.24 ","-0.03 ","0.00 "
2064,SSP3-70,"4.53 ","0.83 ","0.69 ","0.70 ","-0.20 ","-1.01 ","0.29 ","-0.24 ","-0.03 ","0.00 "
2065,SSP3-70,"4.59 ","0.83 ","0.69 ","0.70 ","-0.20 ","-1.01 ","0.29 ","-0.24 ","-0.03 ","0.00 "
2066,SSP3-70,"4.65 ","0.84 ","0.69 ","0.70 ","-0.20 ","-1.00 ","0.29 ","-0.24 ","0.00 ","0.00 "
2067,SSP3-70,"4.70 ","0.84 ","0.69 ","0.70 ","-0.20 ","-1.00 ","0.29 ","-0.25 ","0.03 ","0.00 "
2068,SSP3-70,"4.76 ","0.85 ","0.70 ","0.70 ","-0.20 ","-1.00 ","0.29 ","-0.25 ","0.04 ","0.00 "
2069,SSP3-70,"4.82 ","0.85 ","0.70 ","0.71 ","-0.20 ","-0.99 ","0.29 ","-0.25 ","0.04 ","0.00 "
2070,SSP3-70,"4.87 ","0.86 ","0.70 ","0.71 ","-0.20 ","-0.99 ","0.29 ","-0.25 ","0.02 ","0.00 "
2071,SSP3-70,"4.93 ","0.86 ","0.71 ","0.71 ","-0.20 ","-0.99 ","0.29 ","-0.25 ","0.00 ","0.00 "
2072,SSP3-70,"4.99 ","0.87 ","0.71 ","0.71 ","-0.20 ","-0.98 ","0.29 ","-0.25 ","-0.01 ","0.00 "
2073,SSP3-70,"5.04 ","0.87 ","0.71 ","0.71 ","-0.20 ","-0.98 ","0.29 ","-0.25 ","-0.02 ","0.00 "
2074,SSP3-70,"5.10 ","0.88 ","0.72 ","0.72 ","-0.20 ","-0.97 ","0.29 ","-0.25 ","-0.03 ","0.00 "
2075,SSP3-70,"5.16 ","0.88 ","0.72 ","0.72 ","-0.20 ","-0.97 ","0.29 ","-0.25 ","-0.04 ","0.00 "
2076,SSP3-70,"5.22 ","0.89 ","0.72 ","0.72 ","-0.20 ","-0.97 ","0.29 ","-0.25 ","-0.04 ","0.00 "
2077,SSP3-70,"5.27 ","0.90 ","0.73 ","0.72 ","-0.20 ","-0.96 ","0.29 ","-0.25 ","-0.04 ","0.00 "
2078,SSP3-70,"5.33 ","0.90 ","0.73 ","0.72 ","-0.20 ","-0.96 ","0.29 ","-0.25 ","-0.02 ","0.00 "
2079,SSP3-70,"5.39 ","0.91 ","0.73 ","0.73 ","-0.20 ","-0.95 ","0.29 ","-0.26 ","0.00 ","0.00 "
2080,SSP3-70,"5.45 ","0.91 ","0.74 ","0.73 ","-0.20 ","-0.95 ","0.30 ","-0.26 ","0.02 ","0.00 "
2081,SSP3-70,"5.51 ","0.92 ","0.74 ","0.73 ","-0.20 ","-0.95 ","0.30 ","-0.26 ","0.02 ","0.00 "
2082,SSP3-70,"5.56 ","0.92 ","0.74 ","0.73 ","-0.20 ","-0.94 ","0.30 ","-0.26 ","0.02 ","0.00 "
2083,SSP3-70,"5.62 ","0.93 ","0.75 ","0.74 ","-0.20 ","-0.94 ","0.30 ","-0.26 ","0.00 ","0.00 "
2084,SSP3-70,"5.68 ","0.93 ","0.75 ","0.74 ","-0.20 ","-0.94 ","0.30 ","-0.26 ","0.00 ","0.00 "
2085,SSP3-70,"5.74 ","0.94 ","0.75 ","0.74 ","-0.20 ","-0.93 ","0.30 ","-0.26 ","-0.03 ","0.00 "
2086,SSP3-70,"5.80 ","0.94 ","0.76 ","0.74 ","-0.20 ","-0.93 ","0.30 ","-0.26 ","-0.04 ","0.00 "
2087,SSP3-70,"5.86 ","0.94 ","0.76 ","0.75 ","-0.21 ","-0.93 ","0.30 ","-0.26 ","-0.04 ","0.00 "
2088,SSP3-70,"5.92 ","0.95 ","0.76 ","0.75 ","-0.21 ","-0.92 ","0.30 ","-0.26 ","-0.04 ","0.00 "
2089,SSP3-70,"5.98 ","0.95 ","0.77 ","0.75 ","-0.21 ","-0.92 ","0.30 ","-0.26 ","-0.02 ","0.00 "
2090,SSP3-70,"6.04 ","0.96 ","0.77 ","0.75 ","-0.21 ","-0.92 ","0.30 ","-0.26 ","0.01 ","0.00 "
2091,SSP3-70,"6.10 ","0.96 ","0.78 ","0.76 ","-0.21 ","-0.91 ","0.30 ","-0.26 ","0.03 ","0.00 "
2092,SSP3-70,"6.16 ","0.97 ","0.78 ","0.76 ","-0.20 ","-0.91 ","0.30 ","-0.27 ","0.05 ","0.00 "
2093,SSP3-70,"6.22 ","0.97 ","0.78 ","0.76 ","-0.20 ","-0.90 ","0.30 ","-0.27 ","0.04 ","0.00 "
2094,SSP3-70,"6.28 ","0.98 ","0.79 ","0.76 ","-0.20 ","-0.90 ","0.30 ","-0.27 ","0.02 ","0.00 "
2095,SSP3-70,"6.34 ","0.98 ","0.79 ","0.76 ","-0.20 ","-0.89 ","0.30 ","-0.27 ","0.00 ","0.00 "
2096,SSP3-70,"6.40 ","0.98 ","0.79 ","0.76 ","-0.20 ","-0.89 ","0.30 ","-0.27 ","-0.02 ","0.00 "
2097,SSP3-70,"6.46 ","0.99 ","0.80 ","0.77 ","-0.20 ","-0.89 ","0.30 ","-0.27 ","-0.03 ","0.00 "
2098,SSP3-70,"6.52 ","0.99 ","0.80 ","0.77 ","-0.20 ","-0.88 ","0.30 ","-0.27 ","-0.03 ","0.00 "
2099,SSP3-70,"6.58 ","1.00 ","0.81 ","0.77 ","-0.20 ","-0.88 ","0.30 ","-0.27 ","-0.02 ","0.00 "
2100,SSP3-70,"6.64 ","1.00 ","0.81 ","0.77 ","-0.20 ","-0.87 ","0.30 ","-0.27 ","0.00 ","0.00 "
2014,SSP5-85,"1.98 ","0.53 ","0.59 ","0.47 ","-0.25 ","-0.94 ","0.18 ","-0.20 ","0.06 ","0.14 "
2015,SSP5-85,"2.01 ","0.53 ","0.60 ","0.46 ","-0.23 ","-0.89 ","0.19 ","-0.20 ","0.03 ","0.12 "
2016,SSP5-85,"2.06 ","0.54 ","0.60 ","0.45 ","-0.22 ","-0.89 ","0.19 ","-0.20 ","-0.01 ","0.11 "
2017,SSP5-85,"2.10 ","0.54 ","0.60 ","0.45 ","-0.20 ","-0.89 ","0.20 ","-0.20 ","-0.02 ","0.10 "
2018,SSP5-85,"2.14 ","0.55 ","0.61 ","0.45 ","-0.19 ","-0.89 ","0.20 ","-0.20 ","-0.02 ","0.08 "
2019,SSP5-85,"2.18 ","0.56 ","0.61 ","0.47 ","-0.16 ","-0.88 ","0.21 ","-0.20 ","-0.02 ","0.07 "
2020,SSP5-85,"2.23 ","0.56 ","0.61 ","0.48 ","-0.14 ","-0.86 ","0.21 ","-0.20 ","-0.02 ","0.06 "
2021,SSP5-85,"2.27 ","0.56 ","0.62 ","0.48 ","-0.14 ","-0.84 ","0.21 ","-0.20 ","0.02 ","0.04 "
2022,SSP5-85,"2.31 ","0.57 ","0.62 ","0.48 ","-0.14 ","-0.83 ","0.21 ","-0.20 ","0.06 ","0.03 "
2023,SSP5-85,"2.36 ","0.57 ","0.62 ","0.48 ","-0.14 ","-0.81 ","0.22 ","-0.21 ","0.08 ","0.01 "
2024,SSP5-85,"2.41 ","0.57 ","0.63 ","0.48 ","-0.13 ","-0.80 ","0.22 ","-0.21 ","0.09 ","0.00 "
2025,SSP5-85,"2.45 ","0.58 ","0.63 ","0.48 ","-0.13 ","-0.79 ","0.22 ","-0.21 ","0.07 ","0.00 "
2026,SSP5-85,"2.50 ","0.58 ","0.63 ","0.48 ","-0.13 ","-0.77 ","0.22 ","-0.21 ","0.04 ","0.00 "
2027,SSP5-85,"2.55 ","0.58 ","0.63 ","0.48 ","-0.13 ","-0.76 ","0.22 ","-0.21 ","0.02 ","0.00 "
2028,SSP5-85,"2.60 ","0.59 ","0.64 ","0.49 ","-0.13 ","-0.74 ","0.22 ","-0.21 ","0.01 ","0.00 "
2029,SSP5-85,"2.66 ","0.59 ","0.64 ","0.49 ","-0.13 ","-0.73 ","0.22 ","-0.21 ","-0.01 ","0.00 "
2030,SSP5-85,"2.71 ","0.60 ","0.64 ","0.49 ","-0.13 ","-0.71 ","0.22 ","-0.21 ","-0.02 ","0.00 "
2031,SSP5-85,"2.76 ","0.60 ","0.65 ","0.49 ","-0.13 ","-0.71 ","0.22 ","-0.22 ","-0.03 ","0.00 "
2032,SSP5-85,"2.82 ","0.61 ","0.65 ","0.50 ","-0.13 ","-0.70 ","0.22 ","-0.22 ","-0.02 ","0.00 "
2033,SSP5-85,"2.88 ","0.62 ","0.65 ","0.50 ","-0.13 ","-0.70 ","0.22 ","-0.22 ","0.00 ","0.00 "
2034,SSP5-85,"2.93 ","0.62 ","0.65 ","0.51 ","-0.13 ","-0.70 ","0.23 ","-0.22 ","0.04 ","0.00 "
2035,SSP5-85,"2.99 ","0.63 ","0.66 ","0.51 ","-0.13 ","-0.69 ","0.23 ","-0.22 ","0.04 ","0.00 "
2036,SSP5-85,"3.05 ","0.63 ","0.66 ","0.52 ","-0.14 ","-0.69 ","0.23 ","-0.22 ","0.06 ","0.00 "
2037,SSP5-85,"3.11 ","0.64 ","0.66 ","0.52 ","-0.14 ","-0.68 ","0.23 ","-0.22 ","0.04 ","0.00 "
2038,SSP5-85,"3.17 ","0.65 ","0.66 ","0.53 ","-0.14 ","-0.68 ","0.23 ","-0.22 ","0.04 ","0.00 "
2039,SSP5-85,"3.24 ","0.66 ","0.67 ","0.53 ","-0.14 ","-0.67 ","0.23 ","-0.22 ","0.01 ","0.00 "
2040,SSP5-85,"3.30 ","0.66 ","0.67 ","0.54 ","-0.14 ","-0.67 ","0.23 ","-0.23 ","-0.01 ","0.00 "
2041,SSP5-85,"3.37 ","0.67 ","0.67 ","0.54 ","-0.14 ","-0.66 ","0.23 ","-0.23 ","-0.03 ","0.00 "
2042,SSP5-85,"3.43 ","0.68 ","0.67 ","0.54 ","-0.14 ","-0.65 ","0.23 ","-0.23 ","-0.03 ","0.00 "
2043,SSP5-85,"3.50 ","0.69 ","0.68 ","0.55 ","-0.14 ","-0.64 ","0.23 ","-0.23 ","-0.03 ","0.00 "
2044,SSP5-85,"3.57 ","0.70 ","0.68 ","0.55 ","-0.14 ","-0.63 ","0.24 ","-0.23 ","-0.02 ","0.00 "
2045,SSP5-85,"3.64 ","0.70 ","0.68 ","0.55 ","-0.14 ","-0.62 ","0.24 ","-0.23 ","0.02 ","0.00 "
2046,SSP5-85,"3.71 ","0.71 ","0.69 ","0.56 ","-0.15 ","-0.61 ","0.24 ","-0.23 ","0.04 ","0.00 "
2047,SSP5-85,"3.78 ","0.72 ","0.69 ","0.56 ","-0.15 ","-0.60 ","0.24 ","-0.23 ","0.07 ","0.00 "
2048,SSP5-85,"3.85 ","0.73 ","0.70 ","0.56 ","-0.15 ","-0.59 ","0.24 ","-0.23 ","0.07 ","0.00 "
2049,SSP5-85,"3.92 ","0.73 ","0.70 ","0.56 ","-0.15 ","-0.58 ","0.24 ","-0.23 ","0.05 ","0.00 "
2050,SSP5-85,"4.00 ","0.74 ","0.70 ","0.56 ","-0.15 ","-0.57 ","0.24 ","-0.23 ","0.01 ","0.00 "
2051,SSP5-85,"4.07 ","0.75 ","0.71 ","0.57 ","-0.15 ","-0.57 ","0.24 ","-0.23 ","0.00 ","0.00 "
2052,SSP5-85,"4.15 ","0.76 ","0.71 ","0.57 ","-0.16 ","-0.57 ","0.24 ","-0.23 ","-0.02 ","0.00 "
2053,SSP5-85,"4.22 ","0.76 ","0.72 ","0.58 ","-0.16 ","-0.57 ","0.24 ","-0.23 ","-0.03 ","0.00 "
2054,SSP5-85,"4.30 ","0.77 ","0.72 ","0.58 ","-0.16 ","-0.57 ","0.25 ","-0.23 ","-0.02 ","0.00 "
2055,SSP5-85,"4.38 ","0.77 ","0.73 ","0.59 ","-0.17 ","-0.57 ","0.25 ","-0.23 ","0.00 ","0.00 "
2056,SSP5-85,"4.46 ","0.78 ","0.73 ","0.59 ","-0.17 ","-0.57 ","0.25 ","-0.24 ","0.02 ","0.00 "
2057,SSP5-85,"4.54 ","0.78 ","0.74 ","0.60 ","-0.17 ","-0.57 ","0.25 ","-0.24 ","0.02 ","0.00 "
2058,SSP5-85,"4.63 ","0.79 ","0.74 ","0.60 ","-0.18 ","-0.58 ","0.25 ","-0.24 ","0.03 ","0.00 "
2059,SSP5-85,"4.71 ","0.79 ","0.75 ","0.60 ","-0.18 ","-0.58 ","0.26 ","-0.24 ","0.03 ","0.00 "
2060,SSP5-85,"4.79 ","0.79 ","0.76 ","0.60 ","-0.18 ","-0.58 ","0.26 ","-0.24 ","0.01 ","0.00 "
2061,SSP5-85,"4.88 ","0.80 ","0.76 ","0.60 ","-0.18 ","-0.57 ","0.26 ","-0.24 ","-0.01 ","0.00 "
2062,SSP5-85,"4.97 ","0.80 ","0.77 ","0.60 ","-0.19 ","-0.57 ","0.26 ","-0.24 ","-0.02 ","0.00 "
2063,SSP5-85,"5.05 ","0.80 ","0.77 ","0.60 ","-0.19 ","-0.57 ","0.26 ","-0.24 ","-0.03 ","0.00 "
2064,SSP5-85,"5.14 ","0.80 ","0.78 ","0.60 ","-0.19 ","-0.57 ","0.26 ","-0.24 ","-0.03 ","0.00 "
2065,SSP5-85,"5.23 ","0.80 ","0.79 ","0.60 ","-0.19 ","-0.56 ","0.26 ","-0.24 ","-0.03 ","0.00 "
2066,SSP5-85,"5.32 ","0.81 ","0.79 ","0.60 ","-0.19 ","-0.56 ","0.26 ","-0.24 ","0.00 ","0.00 "
2067,SSP5-85,"5.41 ","0.81 ","0.80 ","0.60 ","-0.19 ","-0.56 ","0.26 ","-0.24 ","0.03 ","0.00 "
2068,SSP5-85,"5.50 ","0.81 ","0.81 ","0.60 ","-0.20 ","-0.55 ","0.27 ","-0.24 ","0.04 ","0.00 "
2069,SSP5-85,"5.59 ","0.81 ","0.81 ","0.60 ","-0.20 ","-0.55 ","0.27 ","-0.24 ","0.04 ","0.00 "
2070,SSP5-85,"5.68 ","0.81 ","0.82 ","0.60 ","-0.20 ","-0.55 ","0.27 ","-0.24 ","0.02 ","0.00 "
2071,SSP5-85,"5.78 ","0.81 ","0.83 ","0.59 ","-0.20 ","-0.54 ","0.27 ","-0.24 ","0.00 ","0.00 "
2072,SSP5-85,"5.87 ","0.81 ","0.83 ","0.59 ","-0.20 ","-0.53 ","0.27 ","-0.24 ","-0.01 ","0.00 "
2073,SSP5-85,"5.96 ","0.81 ","0.84 ","0.59 ","-0.20 ","-0.53 ","0.27 ","-0.24 ","-0.02 ","0.00 "
2074,SSP5-85,"6.06 ","0.81 ","0.85 ","0.58 ","-0.20 ","-0.52 ","0.27 ","-0.24 ","-0.03 ","0.00 "
2075,SSP5-85,"6.15 ","0.81 ","0.85 ","0.58 ","-0.20 ","-0.52 ","0.27 ","-0.24 ","-0.04 ","0.00 "
2076,SSP5-85,"6.24 ","0.81 ","0.86 ","0.58 ","-0.20 ","-0.51 ","0.27 ","-0.24 ","-0.04 ","0.00 "
2077,SSP5-85,"6.34 ","0.81 ","0.87 ","0.57 ","-0.20 ","-0.50 ","0.27 ","-0.24 ","-0.04 ","0.00 "
2078,SSP5-85,"6.43 ","0.81 ","0.87 ","0.57 ","-0.20 ","-0.50 ","0.27 ","-0.24 ","-0.02 ","0.00 "
2079,SSP5-85,"6.53 ","0.81 ","0.88 ","0.57 ","-0.20 ","-0.49 ","0.28 ","-0.24 ","0.00 ","0.00 "
2080,SSP5-85,"6.62 ","0.80 ","0.89 ","0.56 ","-0.20 ","-0.48 ","0.28 ","-0.23 ","0.02 ","0.00 "
2081,SSP5-85,"6.72 ","0.80 ","0.89 ","0.56 ","-0.20 ","-0.47 ","0.27 ","-0.23 ","0.02 ","0.00 "
2082,SSP5-85,"6.81 ","0.80 ","0.90 ","0.55 ","-0.20 ","-0.46 ","0.27 ","-0.23 ","0.02 ","0.00 "
2083,SSP5-85,"6.91 ","0.80 ","0.91 ","0.54 ","-0.20 ","-0.45 ","0.27 ","-0.23 ","0.00 ","0.00 "
2084,SSP5-85,"7.00 ","0.79 ","0.91 ","0.53 ","-0.20 ","-0.44 ","0.27 ","-0.23 ","0.00 ","0.00 "
2085,SSP5-85,"7.09 ","0.79 ","0.92 ","0.53 ","-0.20 ","-0.43 ","0.27 ","-0.23 ","-0.03 ","0.00 "
2086,SSP5-85,"7.19 ","0.79 ","0.92 ","0.52 ","-0.20 ","-0.42 ","0.27 ","-0.23 ","-0.04 ","0.00 "
2087,SSP5-85,"7.28 ","0.78 ","0.93 ","0.51 ","-0.20 ","-0.41 ","0.26 ","-0.23 ","-0.04 ","0.00 "
2088,SSP5-85,"7.37 ","0.78 ","0.93 ","0.50 ","-0.20 ","-0.40 ","0.26 ","-0.23 ","-0.04 ","0.00 "
2089,SSP5-85,"7.46 ","0.78 ","0.93 ","0.50 ","-0.20 ","-0.39 ","0.26 ","-0.23 ","-0.02 ","0.00 "
2090,SSP5-85,"7.54 ","0.77 ","0.94 ","0.49 ","-0.21 ","-0.38 ","0.26 ","-0.23 ","0.01 ","0.00 "
2091,SSP5-85,"7.63 ","0.77 ","0.94 ","0.48 ","-0.21 ","-0.37 ","0.26 ","-0.23 ","0.03 ","0.00 "
2092,SSP5-85,"7.72 ","0.76 ","0.95 ","0.47 ","-0.21 ","-0.36 ","0.25 ","-0.23 ","0.05 ","0.00 "
2093,SSP5-85,"7.80 ","0.76 ","0.95 ","0.46 ","-0.21 ","-0.35 ","0.25 ","-0.23 ","0.04 ","0.00 "
2094,SSP5-85,"7.89 ","0.75 ","0.95 ","0.45 ","-0.21 ","-0.34 ","0.25 ","-0.23 ","0.02 ","0.00 "
2095,SSP5-85,"7.97 ","0.75 ","0.96 ","0.44 ","-0.21 ","-0.32 ","0.25 ","-0.23 ","0.00 ","0.00 "
2096,SSP5-85,"8.06 ","0.75 ","0.96 ","0.43 ","-0.21 ","-0.31 ","0.24 ","-0.23 ","-0.02 ","0.00 "
2097,SSP5-85,"8.14 ","0.74 ","0.96 ","0.42 ","-0.21 ","-0.30 ","0.24 ","-0.23 ","-0.03 ","0.00 "
2098,SSP5-85,"8.22 ","0.74 ","0.96 ","0.42 ","-0.21 ","-0.29 ","0.24 ","-0.23 ","-0.03 ","0.00 "
2099,SSP5-85,"8.30 ","0.73 ","0.97 ","0.41 ","-0.21 ","-0.28 ","0.24 ","-0.23 ","-0.02 ","0.00 "
2100,SSP5-85,"8.38 ","0.73 ","0.97 ","0.40 ","-0.21 ","-0.27 ","0.24 ","-0.23 ","0.00 ","0.00 "
